action_id,title,timeframe,leverage,files_or_assets,expected_outcome,risk,definition_of_done
ACT-001,Create the canonical demo Business Space,24 hours,Turns the strongest B2B system into a reusable sales asset.,"Screenshots: command center, ROI, proposal, Night Shift, portal, Vault","One demo story that can power the landing page, pitch deck, and sales calls.",Use fake/sanitized data only.,10 screenshot targets captured and linked in the Atlas screenshot board.
ACT-002,Package AI Business Space Launch Kit,24 hours,Creates a concrete offer from existing features.,"Offer catalog, one-page landing copy, pricing table, CTA",A sellable offer at setup fee plus monthly tier.,Do not overpromise unsupported autonomous execution.,"Offer has buyer, outcome, scope, pricing, proof, and limits."
ACT-003,Turn Smart Solution Plan into a lead magnet,48 hours,Converts market curiosity into structured sales conversations.,"Pain point intake, ROI screenshot, proposal excerpt",A demo CTA: get your AI operating plan.,Quota messaging must be clear.,Lead magnet flow mapped and paired with follow-up offer.
ACT-004,Record Night Shift proof story,7 days,"Shows automation as accountable labor, not vague magic.","Replay, output Vault, worklog, client portal export",A high-conversion demo for the premium automation SKU.,Verify credits before paid claims.,Demo includes state transitions and saved outputs.
ACT-005,Launch AI Cost and Routing Audit page,7 days,Monetizes the hidden control plane and risk register.,"AI Route diagram, risk register, governance checklist",A high-ticket technical audit offer.,Avoid exposing provider details or secrets.,"Page explains audit scope, deliverables, and outcomes."
ACT-006,Create Proof Vault sample bundle,7 days,Makes delivery trust visible.,"Fake client artifact folder, replay, proposal, report, portal",A client-facing proof demo for agencies.,Use synthetic data.,Bundle has lineage from source to output to client portal.
ACT-007,Define first paid Arsenal listing pattern,14 days,Turns marketplace ambition into a real commerce primitive.,"Public Arsenal page, paid access flow, access grant, payout note",A repeatable creator monetization demo.,Entitlement and payout UX must be clear.,One listing can be explained in three screenshots.
ACT-008,Recruit five pilot partners,14 days,Creates distribution without ad spend.,"Partner landing copy, commission policy, dashboard screenshot","Feedback, referrals, and first revenue conversations.",Finance review and approval rules must be explicit.,Five outreach messages sent with the same proof bundle.
ACT-009,Build founder sales deck from Atlas visuals,14 days,Converts platform complexity into investor and buyer clarity.,"Premium SVGs, offer stack, moat map, dashboard spec",A reusable sales/investor narrative.,Keep public claims evidence-based.,"Deck has problem, platform, proof, offers, revenue, moat, risks."
ACT-010,Run direct AI path remediation sprint,30 days,"Protects credits, margin, reliability, and enterprise trust.","risk-register.csv, ai-routing-map.csv, AI Systems Map",Cleaner route policy and safer revenue scaling.,Requires production code changes in a separate safe task.,Every exception is migrated or documented with owner and reason.
